,Unnamed: 0,Sent,Len,wiki_entities,Manual Annotation,terms_0.6,terms_0.7,terms_0.8,terms_0.9,terms_1.0
0,0,A brake is a mechanical device that inhibits motion by absorbing energy from a moving system,16,"['Brake', 'Machine', 'Motion', 'Absorption (electromagnetic radiation)', 'Energy', 'System']","Brake, Machine, energy, system",['Machine'],"['Machine', 'Energy']","['Machine', 'Energy']","['Brake', 'Machine', 'Motion', 'Energy']","['Brake', 'Machine', 'Motion', 'Absorption (electromagnetic radiation)', 'Energy', 'System']"
1,1,"A brake is used for slowing or stopping a moving vehicle, wheel, axle, or to prevent A brake motion, most often accomplished by means of friction",26,"['Brake', 'Motion', 'Vehicle', 'Wheel', 'Axle', 'Preventive healthcare', 'Mean', 'Friction']","Brake, Moving Vehicle, Wheel, Axle, Motion, Friction","['Axle', 'Friction']","['Axle', 'Friction']","['Brake', 'Axle', 'Friction']","['Brake', 'Wheel', 'Axle', 'Friction']","['Brake', 'Motion', 'Vehicle', 'Wheel', 'Axle', 'Preventive healthcare', 'Mean', 'Friction']"
2,2,"Most brakes commonly use friction between two surfaces pressed together to convert the kinetic energy of the moving object into heat, though other methods of energy conversion may be employed",30,"['Most (city)', 'Brake', 'Common name', 'Friction', 'Surface science', 'Pressure', 'Concurrency (road)', 'Energy transformation', 'Kinetic energy', 'Motion', 'Physical object', 'Heat', 'Scientific method', 'Employment']","Brake, Friction, Surface, Pressure, Kinetic Energy, Heat, Energy Conversion, Motion",[],['Kinetic energy'],"['Friction', 'Kinetic energy', 'Heat']","['Friction', 'Pressure', 'Energy transformation', 'Kinetic energy', 'Heat']","['Most (city)', 'Brake', 'Common name', 'Friction', 'Surface science', 'Pressure', 'Concurrency (road)', 'Energy transformation', 'Kinetic energy', 'Motion', 'Physical object', 'Heat', 'Scientific method', 'Employment']"
3,3,"For example, regenerative braking converts much of the energy to electrical energy, which may be stored for later use",19,"['For', '.example', 'Regenerative brake', 'Brake', 'Energy transformation', 'Electrical energy', 'Energy storage']","Regenerative Brake, Energy, Electrical Energy",[],[],['Regenerative brake'],"['Regenerative brake', 'Electrical energy']","['For', '.example', 'Regenerative brake', 'Brake', 'Energy transformation', 'Electrical energy', 'Energy storage']"
4,4,Other methods convert kinetic energy into potential energy in such stored forms as pressurized air or pressurized oil,18,"['Scientific method', 'Kinetic energy', 'Potential energy', 'Energy storage', 'Pressure', 'Compressed air', 'Atmosphere', 'Petroleum']","Kinetic Energy, Potential Energy, compressed air, compressed oil",['Kinetic energy'],['Kinetic energy'],"['Kinetic energy', 'Potential energy']","['Kinetic energy', 'Potential energy', 'Pressure', 'Compressed air', 'Petroleum']","['Scientific method', 'Kinetic energy', 'Potential energy', 'Energy storage', 'Pressure', 'Compressed air', 'Atmosphere', 'Petroleum']"
5,5,"Eddy current brakes use magnetic fields to convert kinetic energy into electric current in the brake disc, fin, or rail, which is converted into heat",25,"['Eddy (fluid dynamics)', 'Eddy current brake', 'Electric current', 'Disc brake', 'Magnetic field', 'Energy transformation', 'Kinetic energy', 'Fin', 'Train', 'Heat']","Eddy current brake, Magnetic Field, Kinetic energy, Electric current, disc brake, fin, rail, heat",['Eddy current brake'],"['Eddy current brake', 'Kinetic energy']","['Eddy current brake', 'Electric current', 'Kinetic energy']","['Eddy current brake', 'Electric current', 'Magnetic field', 'Kinetic energy', 'Heat']","['Eddy (fluid dynamics)', 'Eddy current brake', 'Electric current', 'Disc brake', 'Magnetic field', 'Energy transformation', 'Kinetic energy', 'Fin', 'Train', 'Heat']"
6,6,"Still other braking methods even transform kinetic energy into different forms, for example by transferring the energy to a rotating flywheel",21,"['Brake', 'Scientific method', 'Parity (mathematics)', 'Phase transition', 'Kinetic energy', 'Difference (philosophy)', 'Propiska in the Soviet Union', '.example', 'Technology transfer', 'Rotation', 'Flywheel']","Brake, Kinetic energy, Energy, Rotating flywheel",['Kinetic energy'],['Kinetic energy'],"['Kinetic energy', 'Flywheel']","['Kinetic energy', 'Rotation', 'Flywheel']","['Brake', 'Scientific method', 'Parity (mathematics)', 'Phase transition', 'Kinetic energy', 'Difference (philosophy)', 'Propiska in the Soviet Union', '.example', 'Technology transfer', 'Rotation', 'Flywheel']"
7,7,"Brakes are generally applied to rotating axles or wheels, but may also take other forms such as the surface of a moving fluid flaps deployed into water or air",29,"['Brake', 'Chemistry', 'Rotation', 'Axle', 'Wheel', 'Eminent domain', 'Repurchase agreement', 'Motion', 'Fluid', 'Flap (aeronautics)', 'Military deployment', 'Water', 'Aircraft']","Brake, Rotating axles, Wheels, Surface of a moving fluid flaps, Water, Air",['Flap (aeronautics)'],"['Brake', 'Axle', 'Flap (aeronautics)']","['Brake', 'Axle', 'Wheel', 'Flap (aeronautics)']","['Brake', 'Axle', 'Wheel', 'Fluid', 'Flap (aeronautics)', 'Aircraft']","['Brake', 'Chemistry', 'Rotation', 'Axle', 'Wheel', 'Eminent domain', 'Repurchase agreement', 'Motion', 'Fluid', 'Flap (aeronautics)', 'Military deployment', 'Water', 'Aircraft']"
8,8,"Some vehicles use a combination of braking mechanisms, such as drag racing cars with both wheel brakes and a parachute, or airplanes with both wheel brakes and drag flaps raised into the air during landing",35,"['Some (song)', 'Vehicle', 'Car', 'Brake', 'Synchronization gear', 'Drag racing', 'Auto racing', 'Wheel', 'Parachute', 'Airplane', 'Flap (aeronautics)', 'Aircraft', 'Landing']","Vehicle, Braking mechanism, Drag racing car, wheel brakes, drag flap, air","['Drag racing', 'Flap (aeronautics)']","['Brake', 'Drag racing', 'Parachute', 'Flap (aeronautics)']","['Brake', 'Drag racing', 'Parachute', 'Airplane', 'Flap (aeronautics)']","['Vehicle', 'Brake', 'Drag racing', 'Wheel', 'Parachute', 'Airplane', 'Flap (aeronautics)', 'Aircraft']","['Some (song)', 'Vehicle', 'Car', 'Brake', 'Synchronization gear', 'Drag racing', 'Auto racing', 'Wheel', 'Parachute', 'Airplane', 'Flap (aeronautics)', 'Aircraft', 'Landing']"
9,9,"Since kinetic energy increases quadratically with velocity   K = m v 2  / 2  {\displaystyle K=mv^{/ , an object moving at m/s has times as much energy as one of the same mass moving at m/s, and consequently the theoretical braking distance, when braking at the traction limit, is up to times as long",54,"['Since', 'Kinetic energy', 'Increase (knitting)', 'Quadratic function', 'Velocity', 'Equals sign', 'Mass', 'Bracket', 'Backslash', 'Mv (Unix)', 'Circumflex', 'Mathematical object', 'Motion', 'Metre per second', 'Irony punctuation', 'Second', 'Time', ""Sailing at the 2004 Summer Olympics – Women's Mistral One Design"", 'Mechanics', 'Brake', 'Braking distance', 'Distance', 'Traction (engineering)', 'Limit (mathematics)', 'Length']","Kinetic energy, Velocity, Energy, mass, Brake, distance, traction ","['Kinetic energy', 'Braking distance']","['Kinetic energy', 'Velocity', 'Mass', 'Braking distance']","['Kinetic energy', 'Velocity', 'Mass', 'Metre per second', 'Time', 'Braking distance', 'Distance']","['Kinetic energy', 'Quadratic function', 'Velocity', 'Mass', 'Metre per second', 'Second', 'Time', 'Mechanics', 'Brake', 'Braking distance', 'Distance', 'Length']","['Since', 'Kinetic energy', 'Increase (knitting)', 'Quadratic function', 'Velocity', 'Equals sign', 'Mass', 'Bracket', 'Backslash', 'Mv (Unix)', 'Circumflex', 'Mathematical object', 'Motion', 'Metre per second', 'Irony punctuation', 'Second', 'Time', ""Sailing at the 2004 Summer Olympics – Women's Mistral One Design"", 'Mechanics', 'Brake', 'Braking distance', 'Distance', 'Traction (engineering)', 'Limit (mathematics)', 'Length']"
10,10,"In practice, fast vehicles usually have significant air drag, and energy lost to air drag rises quickly with speed",19,"['Fasting', 'Vehicle', 'Convention (norm)', 'Statistical significance', 'Aircraft', 'Drag (physics)', 'Energy', 'Sunrise', 'Speed']","Fast vehicle, air drag, energy, speed",[],[],[],"['Drag (physics)', 'Energy']","['Fasting', 'Vehicle', 'Convention (norm)', 'Statistical significance', 'Aircraft', 'Drag (physics)', 'Energy', 'Sunrise', 'Speed']"
11,11,Almost all wheeled vehicles have a brake of some sort,10,"['Almost', 'Almost all', 'Wheel', 'Vehicle', 'Brake', 'Sort (typesetting)']","wheel, vehicle, Brake",['Brake'],['Brake'],"['Wheel', 'Brake']","['Wheel', 'Brake']","['Almost', 'Almost all', 'Wheel', 'Vehicle', 'Brake', 'Sort (typesetting)']"
12,12,Even baggage carts and shopping carts may have Even baggage carts and shopping carts for use on a moving ramp,20,"['Climate of India', 'Baggage', 'Baggage cart', 'Cart', 'Retail', 'Shopping cart', 'Relocation (personal)', 'Moving walkway', 'Airport apron']","Baggage cart, shopping cart, moving ramp","['Cart', 'Shopping cart']","['Baggage cart', 'Cart', 'Shopping cart']","['Baggage cart', 'Cart', 'Shopping cart']","['Baggage', 'Baggage cart', 'Cart', 'Shopping cart', 'Moving walkway']","['Climate of India', 'Baggage', 'Baggage cart', 'Cart', 'Retail', 'Shopping cart', 'Relocation (personal)', 'Moving walkway', 'Airport apron']"
13,13,Most fixed wing aircraft are fitted with wheel brakes on the undercarriage,12,"['Autodrom Most', 'Fixed-wing aircraft', 'Wing', 'Fitting out', 'Wheel', 'Brake', 'Landing gear']","Wing, Aircraft, Wheel, Brake, undercarriage",['Landing gear'],['Landing gear'],"['Fixed-wing aircraft', 'Landing gear']","['Fixed-wing aircraft', 'Brake', 'Landing gear']","['Autodrom Most', 'Fixed-wing aircraft', 'Wing', 'Fitting out', 'Wheel', 'Brake', 'Landing gear']"
14,14,Some aircraft also feature air brakes designed to reduce Some aircraft speed in flight,14,"['Some (song)', 'Aircraft', 'Guest appearance', 'Railway air brake', 'Reductionism', 'Redox', 'Speed', 'Aerial refueling', 'Flight']","Aircraft, Air Brake, Speed, Flight",['Railway air brake'],['Railway air brake'],"['Aircraft', 'Railway air brake']","['Aircraft', 'Railway air brake', 'Speed']","['Some (song)', 'Aircraft', 'Guest appearance', 'Railway air brake', 'Reductionism', 'Redox', 'Speed', 'Aerial refueling', 'Flight']"
15,15,"Notable examples include gliders and some World War II era aircraft, primarily some fighter aircraft and many dive bombers of the era",22,"['Notability', 'Include directive', 'Glider (aircraft)', 'World War II', 'McCarthyism', 'Fighter aircraft', 'Special member state territories and the European Union', 'Dive bomber', 'Bomber']","Glider, Aircraft, Fighter aircraft, drive bombers",['World War II'],"['World War II', 'Dive bomber']","['World War II', 'Dive bomber']","['World War II', 'Fighter aircraft', 'Dive bomber']","['Notability', 'Include directive', 'Glider (aircraft)', 'World War II', 'McCarthyism', 'Fighter aircraft', 'Special member state territories and the European Union', 'Dive bomber', 'Bomber']"
16,16,These allow the aircraft to maintain a safe speed in a steep descent,13,"['These', 'Aircraft', 'Aircraft maintenance', 'Safety', 'Assured clear distance ahead', 'Speed', 'Grade (slope)']","Aircraft, speed, steep descent",['Aircraft'],"['Aircraft', 'Assured clear distance ahead']","['Aircraft', 'Assured clear distance ahead']","['Aircraft', 'Assured clear distance ahead', 'Speed']","['These', 'Aircraft', 'Aircraft maintenance', 'Safety', 'Assured clear distance ahead', 'Speed', 'Grade (slope)']"
17,17,The Saab B dive bomber and Vought F Corsair fighter used the deployed undercarriage as an air brake,18,"['Saab AB', 'Dive bomber', 'Bomber', 'Vought', 'Fighter aircraft', 'Landing gear', 'Aircraft', 'Air brake (aeronautics)', 'Brake']",,"['Dive bomber', 'Landing gear', 'Air brake (aeronautics)']","['Dive bomber', 'Fighter aircraft', 'Landing gear', 'Air brake (aeronautics)']","['Dive bomber', 'Bomber', 'Fighter aircraft', 'Landing gear', 'Air brake (aeronautics)']","['Dive bomber', 'Bomber', 'Fighter aircraft', 'Landing gear', 'Aircraft', 'Air brake (aeronautics)', 'Brake']","['Saab AB', 'Dive bomber', 'Bomber', 'Vought', 'Fighter aircraft', 'Landing gear', 'Aircraft', 'Air brake (aeronautics)', 'Brake']"
18,18,Friction brakes on automobiles store braking heat in the drum brake or disc brake while braking then conduct braking then to the air gradually,24,"['Friction', 'Brake', 'Disc brake', 'Car', 'Retail', 'Heat', 'Drum brake', 'Thermal conduction', 'Aircraft']","Friction Brake, Automobile, Braking heat, Drum brake, disc brake, ","['Disc brake', 'Drum brake']","['Brake', 'Disc brake', 'Drum brake']","['Brake', 'Disc brake', 'Car', 'Drum brake']","['Friction', 'Brake', 'Disc brake', 'Car', 'Drum brake']","['Friction', 'Brake', 'Disc brake', 'Car', 'Retail', 'Heat', 'Drum brake', 'Thermal conduction', 'Aircraft']"
19,19,When traveling downhill some vehicles can use some vehicles engines to brake,12,"['When (The Kalin Twins song)', 'Travel', 'Downhill (ski competition)', 'Vehicle', 'Canning', 'Engine', 'Brake']","Travel, Downhill, Vehicle, Vehicle Engine, Brake",[],[],['Downhill (ski competition)'],"['Downhill (ski competition)', 'Brake']","['When (The Kalin Twins song)', 'Travel', 'Downhill (ski competition)', 'Vehicle', 'Canning', 'Engine', 'Brake']"
20,20,"When the brake pedal of a modern vehicle with hydraulic brakes is pushed against the master cylinder, ultimately a piston pushes the brake pad against the brake disc which slows the wheel down",33,"['When (Shania Twain song)', 'Brake', 'Disc brake', 'Car controls', 'Vehicle', 'Hydraulic brake', 'Push (professional wrestling)', 'Understeer and oversteer', 'Anthropocentrism', 'Master cylinder', 'Cylinder (engine)', 'Brake pad', 'Wheel', 'Glossary of rail transport terms']","Brake pedal, Modern vehicle, hydraulic brake, master cylinder, piston, Brake pad, Brake disc, Wheel","['Brake', 'Hydraulic brake', 'Brake pad']","['Brake', 'Hydraulic brake', 'Master cylinder', 'Brake pad']","['Brake', 'Disc brake', 'Hydraulic brake', 'Master cylinder', 'Brake pad']","['Brake', 'Disc brake', 'Hydraulic brake', 'Master cylinder', 'Cylinder (engine)', 'Brake pad', 'Wheel']","['When (Shania Twain song)', 'Brake', 'Disc brake', 'Car controls', 'Vehicle', 'Hydraulic brake', 'Push (professional wrestling)', 'Understeer and oversteer', 'Anthropocentrism', 'Master cylinder', 'Cylinder (engine)', 'Brake pad', 'Wheel', 'Glossary of rail transport terms']"
21,21,On the brake drum the brake drum is similar as the cylinder pushes the brake shoes against the drum which also slows the wheel down,25,"['Brake', 'Drum brake', 'Unix-like', 'Cylinder (engine)', 'Push (professional wrestling)', 'Brake shoe', 'Anthropocentrism', 'Wheel', 'Glossary of rail transport terms']","Brake drum, cylinder, brake shoes, drum, wheel",['Drum brake'],"['Drum brake', 'Brake shoe']","['Brake', 'Drum brake', 'Brake shoe']","['Brake', 'Drum brake', 'Brake shoe']","['Brake', 'Drum brake', 'Unix-like', 'Cylinder (engine)', 'Push (professional wrestling)', 'Brake shoe', 'Anthropocentrism', 'Wheel', 'Glossary of rail transport terms']"
22,22,"Brakes may be broadly described as using friction, pumping, or electromagnetics",11,"['Brake', 'Sensu', 'Taxonomy (biology)', 'Regression analysis', 'Friction', 'Pump', 'Electromagnetism']","Brake, Friction, Pump, Electromagntism",['Electromagnetism'],"['Friction', 'Electromagnetism']","['Brake', 'Friction', 'Electromagnetism']","['Brake', 'Friction', 'Electromagnetism']","['Brake', 'Sensu', 'Taxonomy (biology)', 'Regression analysis', 'Friction', 'Pump', 'Electromagnetism']"
23,23,"One brake may use several principles: for example, a pump may pass fluid through an orifice to create friction:",19,"['Brake', 'Principle', 'Propiska in the Soviet Union', '.example', 'Pump', 'Overtaking', 'Fluid', 'Body orifice', 'Creativity', 'Friction']","Brake, Pump, Fluid, Orifice, Friction",['Friction'],"['Pump', 'Friction']","['Pump', 'Fluid', 'Friction']","['Brake', 'Pump', 'Fluid', 'Friction']","['Brake', 'Principle', 'Propiska in the Soviet Union', '.example', 'Pump', 'Overtaking', 'Fluid', 'Body orifice', 'Creativity', 'Friction']"
24,24,"Frictional brakes are most common and can be divided broadly into shoe or pad brakes, using an explicit wear surface, and hydrodynamic brakes, such as parachutes, which use friction in a working fluid and do not explicitly wear",38,"['Brake', 'List of most common surnames in Europe', 'Canning', 'Division (mathematics)', 'Sensu', 'Shoe', 'Brake pad', 'Regression analysis', 'Pornography', 'Wear', 'Fluid dynamics', 'Parachute', 'Friction', 'Working animal', 'Working fluid', 'Tao']","Friction Brake, Shoe, Brake, Pad Brake, Wear Surface, Hydrodynamic Brake, Parachute, Friction, working fluid","['Fluid dynamics', 'Friction', 'Working fluid']","['Brake', 'Fluid dynamics', 'Friction', 'Working fluid']","['Brake', 'Fluid dynamics', 'Friction', 'Working fluid']","['Brake', 'Wear', 'Fluid dynamics', 'Parachute', 'Friction', 'Working fluid']","['Brake', 'List of most common surnames in Europe', 'Canning', 'Division (mathematics)', 'Sensu', 'Shoe', 'Brake pad', 'Regression analysis', 'Pornography', 'Wear', 'Fluid dynamics', 'Parachute', 'Friction', 'Working animal', 'Working fluid', 'Tao']"
25,25,"Typically the term friction brake is used to mean pad/shoe brakes and excludes hydrodynamic brakes, even though hydrodynamic brakes use friction",21,"['Friction', 'Brake', 'Mean', 'Brake pad', 'Brake shoe', 'Fluid dynamics', 'Parity (mathematics)']","Friction Break, Pad Brake, Shoe Brake, Hydrodynamic Brake, Friction",['Friction'],"['Friction', 'Fluid dynamics']","['Friction', 'Fluid dynamics']","['Friction', 'Brake', 'Mean', 'Fluid dynamics']","['Friction', 'Brake', 'Mean', 'Brake pad', 'Brake shoe', 'Fluid dynamics', 'Parity (mathematics)']"
26,26,Friction pad/shoe brakes are often rotating devices with a stationary pad and a rotating wear surface,16,"['Friction', 'Brake pad', 'Shoe', 'Brake', 'Rotation', 'Stationary point', 'Wear']","Friction, Pad brake, Shoe brake, rotating device, stationary pad, rotating wear surface",['Friction'],['Friction'],"['Friction', 'Brake']","['Friction', 'Shoe', 'Brake', 'Rotation']","['Friction', 'Brake pad', 'Shoe', 'Brake', 'Rotation', 'Stationary point', 'Wear']"
27,27,"Common configurations include shoes that contract to rub on the outside of a rotating drum, such as a band brake; a rotating drum with shoes that expand to rub the inside of a drum, commonly called a drum brake,  although other drum configurations are possible; and pads that pinch a rotating disc, commonly called a disc brake",57,"['Common Era', 'Turing machine', 'Include directive', 'Brake shoe', 'Thermal expansion', 'Russian ruble', 'Boxing styles and technique', 'Racing line', 'Rotation', 'Drum brake', 'Musical ensemble', 'Band brake', 'Disc brake', 'Common name', 'Eponym', 'List of possible dwarf planets', 'Brake pad', 'Pinch (plasma physics)']","Common Configuration, Shoe, Rotating Drum, Band brake, Drum, Drum Brake, Drum Configurations, Pad, Rotating Disc, Disc Brake","['Drum brake', 'Disc brake']","['Drum brake', 'Disc brake']","['Drum brake', 'Band brake', 'Disc brake']","['Brake shoe', 'Drum brake', 'Band brake', 'Disc brake', 'Brake pad']","['Common Era', 'Turing machine', 'Include directive', 'Brake shoe', 'Thermal expansion', 'Russian ruble', 'Boxing styles and technique', 'Racing line', 'Rotation', 'Drum brake', 'Musical ensemble', 'Band brake', 'Disc brake', 'Common name', 'Eponym', 'List of possible dwarf planets', 'Brake pad', 'Pinch (plasma physics)']"
28,28,"Other brake configurations are used, but less often",8,"['Brake', 'Computer configuration', 'Less (Unix)']","Brake configuration, Less Often",[],[],[],[],"['Brake', 'Computer configuration', 'Less (Unix)']"
29,29,"For example, PCC trolley brakes include a flat shoe which is clamped to the rail with an electromagnet; the Murphy brake pinches a rotating drum, and the Ausco Lambert disc brake uses a hollow disc two parallel discs with a structural bridge with shoes that sit between the disc surfaces and expand laterally",53,"['Fornax', 'List of motor vehicle deaths in Japan by year', 'PCC streetcar', 'Tram', 'Disc brake', 'Flatboat', 'Brake shoe', 'Clamp (tool)', 'Railroad car', 'Electromagnet', 'Rotation', 'Drum brake', 'Ausco Lambert disc brake', 'Use (law)', 'Valley', 'Bridge', 'Sitting', 'Road surface', 'Thermal expansion', 'Geometric terms of location']","PCC trolley brake, Flat shoe, rail, electromagnet, Murphy brake, rotating drum, Ausco Lambert disc brake, hollow disc, parallel disc, structural bridge, Shoe, Disc surface","['Disc brake', 'Electromagnet', 'Ausco Lambert disc brake']","['PCC streetcar', 'Disc brake', 'Electromagnet', 'Ausco Lambert disc brake']","['PCC streetcar', 'Tram', 'Disc brake', 'Electromagnet', 'Ausco Lambert disc brake']","['PCC streetcar', 'Tram', 'Disc brake', 'Brake shoe', 'Railroad car', 'Electromagnet', 'Drum brake', 'Ausco Lambert disc brake']","['Fornax', 'List of motor vehicle deaths in Japan by year', 'PCC streetcar', 'Tram', 'Disc brake', 'Flatboat', 'Brake shoe', 'Clamp (tool)', 'Railroad car', 'Electromagnet', 'Rotation', 'Drum brake', 'Ausco Lambert disc brake', 'Use (law)', 'Valley', 'Bridge', 'Sitting', 'Road surface', 'Thermal expansion', 'Geometric terms of location']"
30,30,A drum brake is a vehicle brake in which the friction is caused by a set of brake shoes that press against the inner surface of a rotating drum,29,"['Drum brake', 'Brake', 'Vehicle', 'Causality', 'Set (mathematics)', 'Brake shoe', 'Anthropocentrism', 'Inner ear', 'Rotation']","Drum Brake, Vehicle brake, Friction, Brake shoe, Rotating Drum",['Drum brake'],"['Drum brake', 'Brake shoe']","['Drum brake', 'Brake', 'Brake shoe']","['Drum brake', 'Brake', 'Brake shoe']","['Drum brake', 'Brake', 'Vehicle', 'Causality', 'Set (mathematics)', 'Brake shoe', 'Anthropocentrism', 'Inner ear', 'Rotation']"
31,31,The drum is connected to the rotating roadwheel hub,9,"['Drum', 'Connected space', 'Rotation', 'Wheel']","Drum, Rotating roadwheel hub",[],[],['Wheel'],['Wheel'],"['Drum', 'Connected space', 'Rotation', 'Wheel']"
32,32,Drum brakes generally can be found on older car and truck models,12,"['Drum brake', 'Brake', 'Canning', 'Child abandonment', 'Old age', 'Car', 'Truck']","Drum brake, older car, truck model",[],[],['Drum brake'],"['Drum brake', 'Brake']","['Drum brake', 'Brake', 'Canning', 'Child abandonment', 'Old age', 'Car', 'Truck']"
33,33,"However, because of their low production cost, drum brake setups are also installed on the rear of some low cost newer vehicles",22,"['However (song)', 'Low voltage', 'Manufacturing', 'Cost of goods sold', 'Cost', 'Drum brake', 'Brake', 'Racing setup', 'Installation art', 'Rear-engine design', 'No frills', 'Car']","Low production cost, Drum brake, Rear end, Low cost newer vehicle",[],[],['Drum brake'],"['Drum brake', 'Brake', 'Car']","['However (song)', 'Low voltage', 'Manufacturing', 'Cost of goods sold', 'Cost', 'Drum brake', 'Brake', 'Racing setup', 'Installation art', 'Rear-engine design', 'No frills', 'Car']"
34,34,"Compared to modern disc brakes, drum brakes wear out faster due to their tendency to overheat",16,"['New Maradona', 'Disc brake', 'Drum brake', 'Wear', 'Lens speed', 'Impact of the COVID-19 pandemic on the environment', 'Political faction', 'Thermal shock']","Modern Disc Brake, Drum Brake, Overheat",['Disc brake'],['Disc brake'],['Disc brake'],['Disc brake'],"['New Maradona', 'Disc brake', 'Drum brake', 'Wear', 'Lens speed', 'Impact of the COVID-19 pandemic on the environment', 'Political faction', 'Thermal shock']"
35,35,The disc brake is a device for slowing or stopping the rotation of a road wheel,16,"['Disc brake', 'Knockout', 'Rotation', 'Road', 'Wheel']","Disc Brake, Road wheel",[],[],['Disc brake'],"['Disc brake', 'Wheel']","['Disc brake', 'Knockout', 'Rotation', 'Road', 'Wheel']"
36,36,A brake disc or rotor in U,7,['Disc brake'],"Brake, Disc, Rotor",[],[],[],[],['Disc brake']
37,37,S,1,[],,[],[],[],[],[]
38,38,"English, usually made of cast iron or ceramic, is connected to the wheel or the axle",16,"['American English', 'Convention (norm)', 'Cast iron', 'Ceramic', 'Connected space', 'Wheel', 'Axle']","Cast iron, Ceramic, Weehl, Axle",[],['Cast iron'],"['Cast iron', 'Ceramic']","['Cast iron', 'Ceramic', 'Axle']","['American English', 'Convention (norm)', 'Cast iron', 'Ceramic', 'Connected space', 'Wheel', 'Axle']"
39,39,"To stop the wheel, friction material in the form of brake pads mounted in a device called a brake caliper is forced mechanically, hydraulically, pneumatically or electromagnetically against both sides of the disc",33,"['Aperture', 'Wheel', 'Friction', 'Disc brake', 'Brake pad', 'Port', 'Forced conversion', 'Machine', 'Hydraulics', 'Pneumatics', 'Electromagnetism', 'Anthropocentrism', 'Hull (watercraft)']","Wheel, Friction, Brake pad, Brake caliper, Mechanical, Hydraulics, Pneumatics, Electromangetics, Disc","['Disc brake', 'Brake pad', 'Pneumatics']","['Friction', 'Disc brake', 'Brake pad', 'Pneumatics']","['Friction', 'Disc brake', 'Brake pad', 'Hydraulics', 'Pneumatics']","['Wheel', 'Friction', 'Disc brake', 'Brake pad', 'Hydraulics', 'Pneumatics', 'Electromagnetism']","['Aperture', 'Wheel', 'Friction', 'Disc brake', 'Brake pad', 'Port', 'Forced conversion', 'Machine', 'Hydraulics', 'Pneumatics', 'Electromagnetism', 'Anthropocentrism', 'Hull (watercraft)']"
40,40,Friction causes the disc and attached wheel to slow or stop,11,"['Friction', 'Causality', 'Compact disc', 'Upādāna', 'Wheel', 'Spin bowling', 'Aperture']","Friction, Disc, Wheel",[],[],['Friction'],"['Friction', 'Wheel']","['Friction', 'Causality', 'Compact disc', 'Upādāna', 'Wheel', 'Spin bowling', 'Aperture']"
41,41,Pumping brakes are often used where a pump is already part of the machinery,14,"['Pump', 'Brake', 'Machine']","Pumping brake, Pump, Machine",['Pump'],['Pump'],"['Pump', 'Brake']","['Pump', 'Brake']","['Pump', 'Brake', 'Machine']"
42,42,"For example, an internal combustion piston motor can have the fuel supply stopped, and then internal pumping losses of the engine create some braking",24,"['Fornax', 'List of motor vehicle deaths in Japan by year', 'Internal combustion engine', 'Combustion', 'Piston', 'Canning', 'Fuel', 'Racing flags', 'Pump', 'Pure economic loss', 'Creativity', 'Brake']","Internal combustion piston motor, Fuel supply, Internal pumping, Engine, Brake","['Internal combustion engine', 'Combustion']","['Internal combustion engine', 'Combustion']","['Internal combustion engine', 'Combustion', 'Piston']","['Internal combustion engine', 'Combustion', 'Piston', 'Fuel']","['Fornax', 'List of motor vehicle deaths in Japan by year', 'Internal combustion engine', 'Combustion', 'Piston', 'Canning', 'Fuel', 'Racing flags', 'Pump', 'Pure economic loss', 'Creativity', 'Brake']"
43,43,Some engines use a valve override called a Jake brake to greatly increase pumping losses,15,"['Some (song)', 'Internal combustion engine', 'Valve', 'Veto', 'Port', 'Compression release engine brake', 'Brake', 'Monotonic function', 'Pump', 'Capital loss']","Engine, Valve, Jake Brake, Pumping loss",['Compression release engine brake'],"['Internal combustion engine', 'Compression release engine brake']","['Internal combustion engine', 'Compression release engine brake', 'Brake']","['Internal combustion engine', 'Valve', 'Compression release engine brake', 'Brake']","['Some (song)', 'Internal combustion engine', 'Valve', 'Veto', 'Port', 'Compression release engine brake', 'Brake', 'Monotonic function', 'Pump', 'Capital loss']"
44,44,"Pumping brakes can dump energy as heat, or can be regenerative brakes that recharge a pressure reservoir called a hydraulic accumulator",21,"['Pump', 'Brake', 'Landfill', 'Energy', 'Heat', 'Regenerative brake', 'Rechargeable battery', 'Pressure', 'Reservoir', 'Port', 'Hydraulics', 'Hydraulic accumulator']","Pumping brake, Energy, Heat, Regenerative Brake, Pressure reservoir, Hydraulic accumulator",['Hydraulic accumulator'],"['Regenerative brake', 'Hydraulics', 'Hydraulic accumulator']","['Heat', 'Regenerative brake', 'Reservoir', 'Hydraulics', 'Hydraulic accumulator']","['Brake', 'Energy', 'Heat', 'Regenerative brake', 'Reservoir', 'Hydraulics', 'Hydraulic accumulator']","['Pump', 'Brake', 'Landfill', 'Energy', 'Heat', 'Regenerative brake', 'Rechargeable battery', 'Pressure', 'Reservoir', 'Port', 'Hydraulics', 'Hydraulic accumulator']"
45,45,Electromagnetic brakes are likewise often used where an electric motor is already part of the machinery,16,"['Electromagnetism', 'Electromagnetic brake', 'Brake', 'Electric motor', 'Machine']","Electromagnetic Brake, electric motor, machine",['Electromagnetic brake'],"['Electromagnetic brake', 'Electric motor']","['Electromagnetic brake', 'Electric motor']","['Electromagnetic brake', 'Brake', 'Electric motor']","['Electromagnetism', 'Electromagnetic brake', 'Brake', 'Electric motor', 'Machine']"
46,46,"For example, many hybrid gasoline/electric vehicles use the electric motor as a generator to charge electric batteries and also as a regenerative brake",23,"['List of motor vehicle deaths in Japan by year', 'Hybrid electric vehicle', 'Gasoline', 'Electric vehicle', 'Vehicle', 'Electric motor', 'Electric generator', 'Rechargeable battery', 'Electric battery', 'Regenerative brake', 'Brake']","Hybrid vehicle, gasoline vehicle, electric vehicle, electric motor, generator, electric battery","['Electric motor', 'Regenerative brake']","['Electric motor', 'Electric battery', 'Regenerative brake']","['Gasoline', 'Electric vehicle', 'Electric motor', 'Electric battery', 'Regenerative brake']","['Hybrid electric vehicle', 'Gasoline', 'Electric vehicle', 'Electric motor', 'Electric generator', 'Electric battery', 'Regenerative brake']","['List of motor vehicle deaths in Japan by year', 'Hybrid electric vehicle', 'Gasoline', 'Electric vehicle', 'Vehicle', 'Electric motor', 'Electric generator', 'Rechargeable battery', 'Electric battery', 'Regenerative brake', 'Brake']"
47,47,Some diesel/electric railroad locomotives use the electric motors to generate electricity which is then sent to a resistor bank and dumped as heat,23,"['Rechargeable alkaline battery', 'Diesel engine', 'Railway electrification system', 'Rail transport', 'Locomotive', 'Electric motor', 'Electricity generation', 'Electric generator', 'Electricity', 'Christian mission', 'Resistor', 'Bank engine', 'Dumping (pricing policy)', 'Heat']","Diesel, Electric, Railroad, Locomotive, electric motor, electricity, resistor bank, Heat","['Locomotive', 'Electric motor', 'Resistor']","['Locomotive', 'Electric motor', 'Electricity', 'Resistor']","['Diesel engine', 'Rail transport', 'Locomotive', 'Electric motor', 'Electricity', 'Resistor']","['Diesel engine', 'Railway electrification system', 'Rail transport', 'Locomotive', 'Electric motor', 'Electric generator', 'Electricity', 'Resistor']","['Rechargeable alkaline battery', 'Diesel engine', 'Railway electrification system', 'Rail transport', 'Locomotive', 'Electric motor', 'Electricity generation', 'Electric generator', 'Electricity', 'Christian mission', 'Resistor', 'Bank engine', 'Dumping (pricing policy)', 'Heat']"
48,48,"Some vehicles, such as some transit buses, do not already have an electric motor but use a secondary retarder brake that is effectively a generator with an internal short circuit",30,"['Rechargeable alkaline battery', 'Vehicle', 'Transit bus', 'Do while loop', 'Electric motor', 'Health care', 'Retarder (mechanical engineering)', 'Brake', 'Effectiveness', 'Electric generator', 'Short circuit']","Vehicle, Transit Bus, Electric motor, secondary retarder brake, generator, short circuit","['Transit bus', 'Electric motor']","['Transit bus', 'Electric motor', 'Short circuit']","['Transit bus', 'Electric motor', 'Electric generator', 'Short circuit']","['Vehicle', 'Transit bus', 'Electric motor', 'Electric generator', 'Short circuit']","['Rechargeable alkaline battery', 'Vehicle', 'Transit bus', 'Do while loop', 'Electric motor', 'Health care', 'Retarder (mechanical engineering)', 'Brake', 'Effectiveness', 'Electric generator', 'Short circuit']"
49,49,"Related types of such a brake are eddy current brakes, and electro mechanical brakes which actually are magnetically driven friction brakes, but nowadays are often just called electromagnetic brakes as well",31,"['The Related Companies', 'Brake', 'Eddy current', 'Eddy current brake', 'Alternating current', 'Electro (music)', 'Machine', 'Glossary of professional wrestling terms', 'Magnetism', 'Harmonic oscillator', 'Justice', 'Eponym', 'Electromagnetic brake']","Brake, Eddy current brake, electro mechanicla brake, magnetically driven friction brake, electromagnetic brake","['Brake', 'Eddy current brake']","['Brake', 'Eddy current', 'Eddy current brake']","['Brake', 'Eddy current', 'Eddy current brake', 'Machine', 'Electromagnetic brake']","['Brake', 'Eddy current', 'Eddy current brake', 'Alternating current', 'Machine', 'Electromagnetic brake']","['The Related Companies', 'Brake', 'Eddy current', 'Eddy current brake', 'Alternating current', 'Electro (music)', 'Machine', 'Glossary of professional wrestling terms', 'Magnetism', 'Harmonic oscillator', 'Justice', 'Eponym', 'Electromagnetic brake']"
50,50,"Electromagnetic brakes slow an object through electromagnetic induction, which creates resistance and in turn either heat or electricity",18,"['Electromagnetism', 'Electromagnetic brake', 'Brake', 'Bradycardia', 'Physical object', 'Electromagnetic induction', 'Genesis creation narrative', 'Shapeshifting', 'Heat', 'Electricity']","Electromagnetic Brake, electromagnetic induction, resistance, Heat, Electricity",['Electromagnetic induction'],['Electromagnetic induction'],"['Electromagnetic brake', 'Electromagnetic induction']","['Electromagnetism', 'Electromagnetic brake', 'Electromagnetic induction', 'Electricity']","['Electromagnetism', 'Electromagnetic brake', 'Brake', 'Bradycardia', 'Physical object', 'Electromagnetic induction', 'Genesis creation narrative', 'Shapeshifting', 'Heat', 'Electricity']"
51,51,Friction brakes apply pressure on two separate objects to slow the vehicle in a controlled manner,16,"['Friction', 'Brake', 'Apply', 'Pressure', 'Grade separation', 'Spin bowling', 'Vehicle', 'Manner of articulation']","Frication Brake, Pressure, Vehicle",[],['Friction'],"['Friction', 'Brake']","['Friction', 'Brake', 'Pressure']","['Friction', 'Brake', 'Apply', 'Pressure', 'Grade separation', 'Spin bowling', 'Vehicle', 'Manner of articulation']"
52,52,Brakes are often described according to several characteristics including:,9,"['Brake', 'Binomial nomenclature', 'Phenotypic trait']","Brake, characteristics",[],[],[],[],"['Brake', 'Binomial nomenclature', 'Phenotypic trait']"
53,53,"Foundation components are the brake assembly components at the wheels of a vehicle, named for forming the basis of the rest of the brake system",25,"['Brake', 'Manufacturing', 'Wheel', 'Vehicle', 'Forming (metalworking)', 'Basis (linear algebra)', 'Inertia', 'Hydraulic brake', 'System']","Foundational components, Brake assembly components at the wheels of vehicle, brake system",['Brake'],"['Brake', 'Wheel']","['Brake', 'Wheel', 'Vehicle']","['Brake', 'Manufacturing', 'Wheel', 'Vehicle', 'Hydraulic brake']","['Brake', 'Manufacturing', 'Wheel', 'Vehicle', 'Forming (metalworking)', 'Basis (linear algebra)', 'Inertia', 'Hydraulic brake', 'System']"
54,54,These mechanical parts contained around the wheels are controlled by the air brake system,14,"['These', 'Machine', 'Spare part', 'Containment', 'Wheel', 'Railway air brake', 'Brake', 'Hydraulic brake', 'Computer']","Mechanical parts, Wheel, Air Brake system",['Railway air brake'],"['Railway air brake', 'Brake']","['Wheel', 'Railway air brake', 'Brake']","['Machine', 'Wheel', 'Railway air brake', 'Brake']","['These', 'Machine', 'Spare part', 'Containment', 'Wheel', 'Railway air brake', 'Brake', 'Hydraulic brake', 'Computer']"
55,55,"The three types of foundation brake systems are “S” cam brakes, disc brakes and wedge brakes",16,"['Lever', 'Foundation (engineering)', 'Brake', 'Disc brake', 'Computer', 'Solidarity (Polish trade union)', 'Cam', 'Wedge']","Foundation Brake System, Cam Brake, Disc Brake, Wedge brake",['Disc brake'],['Disc brake'],"['Brake', 'Disc brake']","['Brake', 'Disc brake', 'Cam']","['Lever', 'Foundation (engineering)', 'Brake', 'Disc brake', 'Computer', 'Solidarity (Polish trade union)', 'Cam', 'Wedge']"
56,56,"Most modern passenger vehicles, and light vans, use a vacuum assisted brake system that greatly increases the force applied to the vehicle brakes by the force operator",27,"['Most (city)', 'Car', 'Vehicle', 'Light', 'Van', 'Vacuum', 'Assist (association football)', 'Brake', 'Hydraulic brake', 'System', 'Increase (knitting)', 'Force', 'Chemistry']","Modern Passenger Vehicle, Light van, vacuum assisted brake system, Vehicle Brake, Force Operator","['Vacuum', 'Brake']","['Van', 'Vacuum', 'Brake']","['Vehicle', 'Van', 'Vacuum', 'Brake']","['Car', 'Vehicle', 'Van', 'Vacuum', 'Brake', 'Force']","['Most (city)', 'Car', 'Vehicle', 'Light', 'Van', 'Vacuum', 'Assist (association football)', 'Brake', 'Hydraulic brake', 'System', 'Increase (knitting)', 'Force', 'Chemistry']"
57,57,This additional force is supplied by the manifold vacuum generated by air flow being obstructed by the throttle on a running engine,22,"['Supernumerary body part', 'Force', 'Manifold', 'Manifold vacuum', 'Generating set of a group', 'Electricity generation', 'Aircraft', 'Airflow', 'Obstruction of justice', 'Throttle', 'Running', 'Internal combustion engine']","Force, manifold, vacuum, air flow, throttle, engine",['Manifold vacuum'],"['Manifold vacuum', 'Throttle']","['Manifold', 'Manifold vacuum', 'Throttle']","['Force', 'Manifold', 'Manifold vacuum', 'Throttle', 'Internal combustion engine']","['Supernumerary body part', 'Force', 'Manifold', 'Manifold vacuum', 'Generating set of a group', 'Electricity generation', 'Aircraft', 'Airflow', 'Obstruction of justice', 'Throttle', 'Running', 'Internal combustion engine']"
58,58,"This force is greatly reduced when the engine is running at fully open throttle, as the difference between ambient air pressure and manifold absolute air pressure is reduced, and therefore available vacuum is diminished",34,"['Force', 'Redox', 'Internal combustion engine', 'Throttle', 'Subtraction', 'Ambient music', 'Atmosphere of Earth', 'Aircraft', 'Atmospheric pressure', 'Manifold', 'Availability', 'Vacuum', 'Tritone']","Force, Engine, Full throttle, Ambient Air Pressure, Manifold, Absolute air pressure, Vacuum","['Ambient music', 'Atmospheric pressure', 'Vacuum']","['Ambient music', 'Atmospheric pressure', 'Manifold', 'Vacuum']","['Throttle', 'Ambient music', 'Atmospheric pressure', 'Manifold', 'Vacuum']","['Force', 'Internal combustion engine', 'Throttle', 'Ambient music', 'Atmospheric pressure', 'Manifold', 'Vacuum']","['Force', 'Redox', 'Internal combustion engine', 'Throttle', 'Subtraction', 'Ambient music', 'Atmosphere of Earth', 'Aircraft', 'Atmospheric pressure', 'Manifold', 'Availability', 'Vacuum', 'Tritone']"
59,59,"However, brakes are rarely applied at full throttle; the driver takes the right foot off the gas pedal and moves the gas pedal to the brake pedal  unless left foot braking is used",33,"['Brake', 'Chemistry', 'Throttle', 'Take', 'Right-wing politics', 'Port and starboard', 'Perpendicular', 'Off-Broadway', 'Gasoline', 'Car controls', 'Motion', 'Representative Concentration Pathway', 'Brexit']","Brake, Full Throttle, Gas Pedal, Brake Pedal","['Brake', 'Car controls']","['Brake', 'Car controls']","['Brake', 'Car controls']","['Brake', 'Throttle', 'Gasoline', 'Car controls']","['Brake', 'Chemistry', 'Throttle', 'Take', 'Right-wing politics', 'Port and starboard', 'Perpendicular', 'Off-Broadway', 'Gasoline', 'Car controls', 'Motion', 'Representative Concentration Pathway', 'Brexit']"
60,60,"Because of low vacuum at high RPM, reports of unintended acceleration are often accompanied by complaints of failed or weakened brakes, as the high revving engine, having an open throttle, is unable to provide enough vacuum to power the brake booster",41,"['Because Music', 'Low Earth orbit', 'Vacuum', 'RPM (magazine)', 'Hadith', 'Unintended pregnancy', 'Sudden unintended acceleration', 'Acceleration', 'Accompaniment', 'Complaint', 'Bankruptcy', 'Radio propagation', 'Brake', 'Internal combustion engine', 'Throttle', 'Total depravity', 'Vacuum servo']","Vacuum, RPM, accelearation, Brake, Engine, Throttle, Vacuum, Brake Booster",['RPM (magazine)'],"['Vacuum', 'RPM (magazine)', 'Vacuum servo']","['Vacuum', 'RPM (magazine)', 'Throttle', 'Vacuum servo']","['Vacuum', 'RPM (magazine)', 'Acceleration', 'Brake', 'Throttle', 'Vacuum servo']","['Because Music', 'Low Earth orbit', 'Vacuum', 'RPM (magazine)', 'Hadith', 'Unintended pregnancy', 'Sudden unintended acceleration', 'Acceleration', 'Accompaniment', 'Complaint', 'Bankruptcy', 'Radio propagation', 'Brake', 'Internal combustion engine', 'Throttle', 'Total depravity', 'Vacuum servo']"
61,61,"This problem is exacerbated in vehicles equipped with automatic transmissions as the vehicle will automatically downshift upon application of the brakes, thereby increasing the torque delivered to the driven wheels in contact with the road surface",36,"['Problem solving', 'Positive feedback', 'Vehicle', 'Military technology', 'Automatic transmission', 'Automation', 'Transmission (mechanics)', 'Free will', 'Software', 'Brake', 'Population growth', 'Torque', 'Childbirth', 'Pile driver', 'Wheel', 'Roman road from Silchester to Bath', 'Road', 'Road surface']","Vehicle, automatic Transimission, Downshift, Brake, Torque, wheels, surface",['Automatic transmission'],"['Automatic transmission', 'Torque']","['Vehicle', 'Automatic transmission', 'Torque', 'Wheel']","['Vehicle', 'Automatic transmission', 'Transmission (mechanics)', 'Brake', 'Torque', 'Wheel']","['Problem solving', 'Positive feedback', 'Vehicle', 'Military technology', 'Automatic transmission', 'Automation', 'Transmission (mechanics)', 'Free will', 'Software', 'Brake', 'Population growth', 'Torque', 'Childbirth', 'Pile driver', 'Wheel', 'Roman road from Silchester to Bath', 'Road', 'Road surface']"
62,62,"Heavier road vehicles, as well as trains, usually boost brake power with compressed air, supplied by one or more compressors",20,"['Road transport', 'Vehicle', 'Train', 'Convention (norm)', 'Turbocharger', 'Brake', 'Compressor', 'Compressed air', 'Aircraft']","Heavier Road Vehicle, Train, Brake Power, Compressed air, Compressor","['Vehicle', 'Compressed air']","['Vehicle', 'Compressed air']","['Vehicle', 'Brake', 'Compressor', 'Compressed air']","['Vehicle', 'Brake', 'Compressor', 'Compressed air', 'Aircraft']","['Road transport', 'Vehicle', 'Train', 'Convention (norm)', 'Turbocharger', 'Brake', 'Compressor', 'Compressed air', 'Aircraft']"
63,63,"Although ideally a brake would convert all the kinetic energy into heat, in practice a significant amount may be converted into acoustic energy instead, contributing to noise pollution",28,"['Idealization (philosophy of science)', 'Brake', 'Energy transformation', 'Kinetic energy', 'Heat', 'De facto', 'Statistical significance', 'Amount of substance', 'Sound', 'Contributing property', 'Noise pollution', 'Pollution']","Brake, Kinetic Energy, Heat, Acoustic Energy, noise pollution",['Noise pollution'],['Noise pollution'],"['Kinetic energy', 'Noise pollution']","['Kinetic energy', 'Heat', 'Sound', 'Noise pollution']","['Idealization (philosophy of science)', 'Brake', 'Energy transformation', 'Kinetic energy', 'Heat', 'De facto', 'Statistical significance', 'Amount of substance', 'Sound', 'Contributing property', 'Noise pollution', 'Pollution']"
64,64,"For road vehicles, the noise produced varies significantly with tire construction, road surface, and the magnitude of the deceleration",19,"['Fornax', 'Road', 'Vehicle', 'Noise', 'Silicon', 'Variable star', 'Statistical significance', 'Tire', 'Road surface', 'Magnitude (astronomy)', 'Acceleration']","Vehicle, noise, Tire construction, road surface, deceleration","['Road surface', 'Magnitude (astronomy)', 'Acceleration']","['Vehicle', 'Road surface', 'Magnitude (astronomy)', 'Acceleration']","['Vehicle', 'Tire', 'Road surface', 'Magnitude (astronomy)', 'Acceleration']","['Vehicle', 'Noise', 'Tire', 'Road surface', 'Magnitude (astronomy)', 'Acceleration']","['Fornax', 'Road', 'Vehicle', 'Noise', 'Silicon', 'Variable star', 'Statistical significance', 'Tire', 'Road surface', 'Magnitude (astronomy)', 'Acceleration']"
65,65,Noise can be caused by different things,7,"['Noise', 'Canning', 'Causality', 'Difference (philosophy)', 'Internet of things']",Noise,[],[],[],[],"['Noise', 'Canning', 'Causality', 'Difference (philosophy)', 'Internet of things']"
66,66,These are signs that there may be issues with brakes wearing out over time,14,"['These', 'Neon sign', 'Software bug', 'Brake', 'Wear']","Brake, Wear",[],[],[],['Brake'],"['These', 'Neon sign', 'Software bug', 'Brake', 'Wear']"
67,67,Railway brake malfunctions can produce sparks and cause forest fires,10,"['Rail transport', 'Railway brake', 'Canning', 'Production (economics)', 'Ember', 'Causality', 'Wildfire']","Ralway, Brake, Spark, Forest, Fire",[],[],['Railway brake'],"['Railway brake', 'Wildfire']","['Rail transport', 'Railway brake', 'Canning', 'Production (economics)', 'Ember', 'Causality', 'Wildfire']"
68,68,"In some very extreme cases, disc brakes can become red hot and set on fire",15,"['Maxima and minima', 'Lawsuit', 'Disc brake', 'Canning', 'Incandescence', 'Heat', 'Set (mathematics)', 'Arson', 'Fire']","Disc Brake, Red hot, Fire",[],[],[],['Disc brake'],"['Maxima and minima', 'Lawsuit', 'Disc brake', 'Canning', 'Incandescence', 'Heat', 'Set (mathematics)', 'Arson', 'Fire']"
69,69,"This happened in the Tuscan GP, when the Mercedes car, the Whad its front carbon disc brakes almost busting into flames, due to low ventilation and high usage",28,"['Tuscan order', 'Grand Prix motor racing', 'Car', 'Carbon', 'Disc brake', 'Negligible senescence', 'Fire', 'Impact of the COVID-19 pandemic on the environment', 'Low voltage', 'Ventilation (architecture)', 'Usage (language)']","Tuscan GP, Mercedes car, Front Carbon Disc Brake, Flame, Ventilation, usage",['Disc brake'],"['Tuscan order', 'Disc brake']","['Tuscan order', 'Carbon', 'Disc brake']","['Tuscan order', 'Car', 'Carbon', 'Disc brake']","['Tuscan order', 'Grand Prix motor racing', 'Car', 'Carbon', 'Disc brake', 'Negligible senescence', 'Fire', 'Impact of the COVID-19 pandemic on the environment', 'Low voltage', 'Ventilation (architecture)', 'Usage (language)']"
70,70,"These fires can also occur on some Mercedes Sprinter vans, when the load adjusting sensor seizes up and the rear brakes have to compensate for the fronts",27,"['These', 'Fire', 'Canning', 'Cyclogenesis', 'Mercedes-Benz Sprinter', 'Van', 'Cargo', 'Spinal adjustment', 'Sensor', 'Rear-wheel drive', 'Disc brake', 'Nationalization', 'Weather front']","Fire, Mercedes Sprinter van, load adjusting sensor, rear brake",[],['Mercedes-Benz Sprinter'],"['Mercedes-Benz Sprinter', 'Van']","['Mercedes-Benz Sprinter', 'Van', 'Disc brake']","['These', 'Fire', 'Canning', 'Cyclogenesis', 'Mercedes-Benz Sprinter', 'Van', 'Cargo', 'Spinal adjustment', 'Sensor', 'Rear-wheel drive', 'Disc brake', 'Nationalization', 'Weather front']"
71,71,"A significant amount of energy is always lost while braking, even with regenerative braking which is not perfectly efficient",19,"['Statistical significance', 'Quantity', 'Energy', 'Shipwreck', 'Brake', 'Even and odd functions', 'Regenerative brake']","Energy, Brake, Regenerative Brake",[],['Regenerative brake'],['Regenerative brake'],"['Energy', 'Regenerative brake']","['Statistical significance', 'Quantity', 'Energy', 'Shipwreck', 'Brake', 'Even and odd functions', 'Regenerative brake']"
72,72,"Therefore, a good metric of efficient energy use while driving is to note how much one is braking",18,"['Value theory', 'International System of Units', 'Efficient energy use', 'Energy', 'Driving', 'Security (finance)', 'Brake']","Energy, Brake",[],[],['Efficient energy use'],"['Efficient energy use', 'Energy']","['Value theory', 'International System of Units', 'Efficient energy use', 'Energy', 'Driving', 'Security (finance)', 'Brake']"
73,73,"If the majority of deceleration is from unavoidable friction instead of braking, one is squeezing out most of the service from the vehicle",23,"['If (magazine)', 'Adult', 'Acceleration', 'Friction', 'Brake', 'Compression (physics)', 'Vehicle']","Deceleration, Friction, Brake, Vehicle","['Acceleration', 'Friction']","['Acceleration', 'Friction']","['Acceleration', 'Friction', 'Vehicle']","['Acceleration', 'Friction', 'Vehicle']","['If (magazine)', 'Adult', 'Acceleration', 'Friction', 'Brake', 'Compression (physics)', 'Vehicle']"
74,74,Minimizing brake use is one of the fuel economy maximizing behaviors,11,"['Brake', 'Fuel', 'Fuel economy in automobiles', 'Economy', 'Mathematical optimization', 'Behavior']","Brake, Fuel Economy",[],['Fuel economy in automobiles'],"['Fuel', 'Fuel economy in automobiles']","['Brake', 'Fuel', 'Fuel economy in automobiles']","['Brake', 'Fuel', 'Fuel economy in automobiles', 'Economy', 'Mathematical optimization', 'Behavior']"
75,75,"While energy is always lost during a brake event, a secondary factor that influences efficiency is off brake drag, or drag that occurs when the brake is not intentionally actuated",30,"['While', 'Energy', 'Always (Mai Kuraki song)', 'Lost film', 'Brake', 'Secondary school', 'Coefficient', 'Social influence', 'Off-Broadway', 'Drag (physics)', 'Intention', 'Actuator']","Energy, Brake, Drag, Actuate",['Drag (physics)'],['Drag (physics)'],"['Brake', 'Drag (physics)']","['Energy', 'Brake', 'Drag (physics)']","['While', 'Energy', 'Always (Mai Kuraki song)', 'Lost film', 'Brake', 'Secondary school', 'Coefficient', 'Social influence', 'Off-Broadway', 'Drag (physics)', 'Intention', 'Actuator']"
76,76,"After a braking event, hydraulic pressure drops in the system, allowing the brake caliper pistons to retract",17,"['Brake', 'Hydraulics', 'Pressure', 'Pressure drop', 'Drop (liquid)', 'Computer', 'Disc brake', 'Piston', 'Retraction (topology)']","Brake, Hydraulic pressure, system, Caliper, piston","['Hydraulics', 'Disc brake']","['Hydraulics', 'Disc brake']","['Hydraulics', 'Disc brake', 'Piston']","['Brake', 'Hydraulics', 'Disc brake', 'Piston']","['Brake', 'Hydraulics', 'Pressure', 'Pressure drop', 'Drop (liquid)', 'Computer', 'Disc brake', 'Piston', 'Retraction (topology)']"
77,77,"However, this retraction must accommodate all compliance in the system under pressure as well as thermal distortion of components like the brake disc or the brake system will drag until the contact with the disc, for example, knocks the pads and pistons back from the rubbing surface",47,"['However (song)', 'Retraction (topology)', 'Must', 'Accommodation (eye)', 'Stiffness', 'The Establishment', 'Computer', 'Pressure', 'Distortion', 'Unix-like', 'Disc brake', 'Hydraulic brake', 'Free will', 'Drag (physics)', 'Propiska in the Soviet Union', '.example', 'Brake pad', 'Piston', 'Anatomical terms of location', 'Rubbing']","Retraction, compliance, System, Pressure, Thermal Distortion, Brake Disc, Brake System, drag, disc, pad, piston, rubbing surface","['Disc brake', 'Piston']","['Disc brake', 'Drag (physics)', 'Piston']","['Pressure', 'Disc brake', 'Drag (physics)', 'Piston']","['Stiffness', 'Computer', 'Pressure', 'Distortion', 'Disc brake', 'Drag (physics)', 'Piston']","['However (song)', 'Retraction (topology)', 'Must', 'Accommodation (eye)', 'Stiffness', 'The Establishment', 'Computer', 'Pressure', 'Distortion', 'Unix-like', 'Disc brake', 'Hydraulic brake', 'Free will', 'Drag (physics)', 'Propiska in the Soviet Union', '.example', 'Brake pad', 'Piston', 'Anatomical terms of location', 'Rubbing']"
78,78,"During this time, there can be significant brake drag",9,"['Canning', 'Fujita scale', 'Brake', 'Drag (physics)']","Brake, Drag",[],[],['Drag (physics)'],['Drag (physics)'],"['Canning', 'Fujita scale', 'Brake', 'Drag (physics)']"
79,79,"This brake drag can lead to significant parasitic power loss, thus impacting fuel economy and overall vehicle performance",18,"['Disc brake', 'Drag (physics)', 'Canning', 'Lead', 'Statistical significance', 'Parasitism', 'Parasitic load', 'Power outage', 'Habitat destruction', 'Impact event', 'Fuel', 'Fuel economy in automobiles', 'Economy', 'Length overall', 'Vehicle', 'Performing arts']","Brake, Drag, Parasitic power loss, Fuel Economy, Vehicle, Performance","['Parasitic load', 'Fuel economy in automobiles']","['Drag (physics)', 'Parasitic load', 'Fuel economy in automobiles']","['Drag (physics)', 'Parasitic load', 'Fuel', 'Fuel economy in automobiles']","['Drag (physics)', 'Parasitism', 'Parasitic load', 'Fuel', 'Fuel economy in automobiles', 'Vehicle']","['Disc brake', 'Drag (physics)', 'Canning', 'Lead', 'Statistical significance', 'Parasitism', 'Parasitic load', 'Power outage', 'Habitat destruction', 'Impact event', 'Fuel', 'Fuel economy in automobiles', 'Economy', 'Length overall', 'Vehicle', 'Performing arts']"
80,80,"In the , Wooden block brakes became obsolete when Michelin brothers introduced rubber tires",14,"['Wood', 'Brake run', 'Obsolescence', 'Michelin', 'African Americans', 'Invasive species', 'Natural rubber', 'Tire']","Wooden Block brake, Michelin Brothers, rubber tire,","['Brake run', 'Tire']","['Brake run', 'Tire']","['Brake run', 'Michelin', 'Tire']","['Brake run', 'Michelin', 'Natural rubber', 'Tire']","['Wood', 'Brake run', 'Obsolescence', 'Michelin', 'African Americans', 'Invasive species', 'Natural rubber', 'Tire']"
81,81,"During the , some car manufacturers replaced drum brakes with disc brakes",12,"['Car', 'Automotive industry', 'Bogie exchange', 'Drum brake', 'Disc brake']","Car manufacturer, Drum brake, Disc brake",['Disc brake'],['Disc brake'],['Disc brake'],"['Drum brake', 'Disc brake']","['Car', 'Automotive industry', 'Bogie exchange', 'Drum brake', 'Disc brake']"
82,82,In the ABS was fitted in the Jensen FF grand tourer,11,"['Anti-lock braking system', 'Fitting out', 'Jensen FF', 'Ferrari FF', 'Grand jury', 'Grand tourer', 'Convertible']","ABS, Jensen FF grand tourer",['Jensen FF'],"['Jensen FF', 'Grand tourer']","['Anti-lock braking system', 'Jensen FF', 'Grand tourer']","['Anti-lock braking system', 'Jensen FF', 'Grand tourer', 'Convertible']","['Anti-lock braking system', 'Fitting out', 'Jensen FF', 'Ferrari FF', 'Grand jury', 'Grand tourer', 'Convertible']"
83,83,In Bosch and Mercedes updated Bosch and Mercedes anti lock brake system for the Mercedes S Class,17,"['Robert Bosch GmbH', 'Facelift (automotive)', 'Locking differential', 'Brake', 'Hydraulic brake', 'Computer', 'Mercedes-Benz S-Class', 'Car classification']","Bosch, Mercedes, Anti Lock Brake system, Mercedes S class",['Mercedes-Benz S-Class'],"['Robert Bosch GmbH', 'Mercedes-Benz S-Class']","['Robert Bosch GmbH', 'Mercedes-Benz S-Class']","['Robert Bosch GmbH', 'Brake', 'Hydraulic brake', 'Mercedes-Benz S-Class']","['Robert Bosch GmbH', 'Facelift (automotive)', 'Locking differential', 'Brake', 'Hydraulic brake', 'Computer', 'Mercedes-Benz S-Class', 'Car classification']"
84,84,"That ABS is a fully electronic, four wheel and multi channel system that later became standard",16,"['Anti-lock braking system', 'Electronic music', 'Wheel', 'Computer']","ABS, Electronic, Wheel, Multi-Channel, System",[],['Anti-lock braking system'],"['Anti-lock braking system', 'Electronic music']","['Anti-lock braking system', 'Electronic music']","['Anti-lock braking system', 'Electronic music', 'Wheel', 'Computer']"
85,85,In ESC which automatically applies the brakes to avoid a loss of steering control become compulsory for carriers of dangerous goods without data recorders in the Canadian province of Quebec,30,"['Electronic stability control', 'Automation', 'Function application', 'Brake', 'Tax avoidance', 'Space Shuttle Columbia disaster', 'Steering', 'Compulsory education', 'Risk', 'Dangerous goods', 'Cargo', 'Independent politician', 'Data', 'Data logger', 'Videocassette recorder', 'Provinces and territories of Canada', 'Quebec']","Brake, Steering, Data recorders, Canadian Provinces",['Quebec'],['Quebec'],"['Provinces and territories of Canada', 'Quebec']","['Automation', 'Dangerous goods', 'Provinces and territories of Canada', 'Quebec']","['Electronic stability control', 'Automation', 'Function application', 'Brake', 'Tax avoidance', 'Space Shuttle Columbia disaster', 'Steering', 'Compulsory education', 'Risk', 'Dangerous goods', 'Cargo', 'Independent politician', 'Data', 'Data logger', 'Videocassette recorder', 'Provinces and territories of Canada', 'Quebec']"
86,86,Since numerous United Nations Economic Commission for Europe UNECE countries use Brake Assist System BAS a function of the braking system that deduces an emergency braking event from a characteristic of the driver brake demand and under such conditions assist the driver to improve barking,45,"['Since', 'Glossary of botanical terms', 'United Nations', 'United Nations Economic Commission for Europe', 'Nation', 'Economics', 'European Union', 'Sovereign state', 'Brake', 'Emergency brake assist', 'Assist (association football)', 'System', 'Physiology', 'Computer', 'State of emergency', 'Chinese characters', 'Supply and demand', 'Disease', 'Improvement', 'Muntjac']","United Nations Economic Commission for Europe, Brake Assist System, Brake, System, Driver Brake Demand, Brake",['United Nations Economic Commission for Europe'],"['United Nations', 'United Nations Economic Commission for Europe']","['United Nations', 'United Nations Economic Commission for Europe', 'Emergency brake assist']","['United Nations', 'United Nations Economic Commission for Europe', 'European Union', 'Sovereign state', 'Brake', 'Emergency brake assist']","['Since', 'Glossary of botanical terms', 'United Nations', 'United Nations Economic Commission for Europe', 'Nation', 'Economics', 'European Union', 'Sovereign state', 'Brake', 'Emergency brake assist', 'Assist (association football)', 'System', 'Physiology', 'Computer', 'State of emergency', 'Chinese characters', 'Supply and demand', 'Disease', 'Improvement', 'Muntjac']"
87,87,In July UNECE vehicle regulation was enacted,7,"['United Nations Economic Commission for Europe', 'Vehicle', 'Vehicle regulation', 'Regulation', 'Coming into force']","UNECE, Vehicle",['United Nations Economic Commission for Europe'],"['United Nations Economic Commission for Europe', 'Vehicle regulation']","['United Nations Economic Commission for Europe', 'Vehicle regulation']","['United Nations Economic Commission for Europe', 'Vehicle regulation', 'Regulation']","['United Nations Economic Commission for Europe', 'Vehicle', 'Vehicle regulation', 'Regulation', 'Coming into force']"
88,88,This regulation defines Advanced Emergency Braking Systems AEBS for heavy vehicles to automatically detect a potential forward collision and activate the vehicle braking system,24,"['Regulation', 'A-Level', 'Brake', 'Computer', 'Truck', 'Vehicle', 'Automation', 'Error detection and correction', 'Potential energy', 'Forward (association football)', 'Agonist', 'Farm team']"," Advanced Emergency Braking System, heavy vehicle, collision, vehicle, brake, system",['Forward (association football)'],['Forward (association football)'],"['Brake', 'Forward (association football)']","['Brake', 'Vehicle', 'Forward (association football)', 'Farm team']","['Regulation', 'A-Level', 'Brake', 'Computer', 'Truck', 'Vehicle', 'Automation', 'Error detection and correction', 'Potential energy', 'Forward (association football)', 'Agonist', 'Farm team']"
89,89,"On January UNECE vehicle regulation was enacted, defining Advanced Emergency Braking Systems for light vehicles",15,"['United Nations Economic Commission for Europe', 'Vehicle', 'Vehicle regulation', 'Regulation', 'Coming into force', 'Definition', 'A-Level', 'Brake', 'Computer', 'Light']","UNECE, Vehicle, Advanced Emergency Braking System, light vehicle",['United Nations Economic Commission for Europe'],"['United Nations Economic Commission for Europe', 'Vehicle regulation']","['United Nations Economic Commission for Europe', 'Vehicle', 'Vehicle regulation']","['United Nations Economic Commission for Europe', 'Vehicle', 'Vehicle regulation', 'Regulation']","['United Nations Economic Commission for Europe', 'Vehicle', 'Vehicle regulation', 'Regulation', 'Coming into force', 'Definition', 'A-Level', 'Brake', 'Computer', 'Light']"
90,90,"From May in the European Union, by law, new vehicles will have advanced emergency braking system",16,"['FromSoftware', 'List of tallest buildings in the European Union', 'The European (newspaper)', 'European Union', 'Statute of Kalisz', 'Law', 'Vehicle', 'Free will', 'Developed country', 'Emergency service', 'Emergency brake (train)', 'Brake', 'Computer']","European Union, Law, new vehicle, Advanced Emergency Braking System",[],['European Union'],['European Union'],"['European Union', 'Vehicle', 'Emergency brake (train)', 'Brake']","['FromSoftware', 'List of tallest buildings in the European Union', 'The European (newspaper)', 'European Union', 'Statute of Kalisz', 'Law', 'Vehicle', 'Free will', 'Developed country', 'Emergency service', 'Emergency brake (train)', 'Brake', 'Computer']"
